<?xml version="1.0" encoding="UTF-8"?>
<beans xmlns="http://www.springframework.org/schema/beans"
	xmlns:xsi="http://www.w3.org/2001/XMLSchema-instance" xmlns:context="http://www.springframework.org/schema/context"
	xsi:schemaLocation="http://www.springframework.org/schema/beans http://www.springframework.org/schema/beans/spring-beans.xsd
		http://www.springframework.org/schema/context http://www.springframework.org/schema/context/spring-context-4.3.xsd">
	
	<context:component-scan base-package="com.cg.employee.bean" />
	
	<bean id="address" class="com.cg.employee.bean.Address">
		<property name="city" value="Andhra Pradesh" />
		<property name="state" value="Vijayawada" />
		<property name="country" value="India" />
		<property name="pincode" value="402032" />
	</bean>

	<bean id="employeeDetails" class="com.cg.employee.bean.EmployeeDetails">
		<property name="employeeId" value="153114" />
		<property name="firstName" value="Divya Sri" />
		<property name="lastName" value="Surapaneni" />
		<property name="salary" value="25000" />
	</bean>
</beans>
