<?xml version="1.0" encoding="UTF-8"?>
<beans xmlns="http://www.springframework.org/schema/beans"
	xmlns:xsi="http://www.w3.org/2001/XMLSchema-instance"
	xsi:schemaLocation="http://www.springframework.org/schema/beans http://www.springframework.org/schema/beans/spring-beans.xsd">

	<bean id="address" class="com.cg.employee.bean.Address">
	<constructor-arg name="city" value="Pune"/>
	<constructor-arg name="state" value="Maharastra"/>
	<constructor-arg name="country" value="India"/>
	<constructor-arg name="pincode" value="402032"/>
	</bean>

	<bean id="employeeDetails" class="com.cg.employee.bean.EmployeeDetails">
		<constructor-arg name="employeeId" value="153114" />
		<constructor-arg name="firstName" value="Divya Sri" />
		<constructor-arg name="lastName" value="Surapaneni" />
		<constructor-arg name="salary" value="25000" />
		<constructor-arg name="address" ref="address" />
	</bean>
	
</beans>
