<?xml version="1.0" encoding="UTF-8"?>
<beans xmlns="http://www.springframework.org/schema/beans"
	xmlns:xsi="http://www.w3.org/2001/XMLSchema-instance"
	xsi:schemaLocation="http://www.springframework.org/schema/beans http://www.springframework.org/schema/beans/spring-beans.xsd">

	<bean id="address" class="com.cg.employee.bean.Address">
		<property name="city" value="Pune" />
		<property name="state" value="Maharastra" />
		<property name="country" value="India" />
		<property name="pincode" value="402032" />
	</bean>

	<bean id="employeeDetails" class="com.cg.employee.bean.EmployeeDetails">
		<property name="employeeId" value="153114" />
		<property name="firstName" value="Divya Sri" />
		<property name="lastName" value="Surapaneni" />
		<property name="salary" value="25000" />
		<property name="address" ref="address" />
	</bean>
	
</beans>
